timestamp,prompt,task,confidence,insights,success
2025-12-26T19:55:11.850600,ğŸ“Š Statistics,eda,0.5249999999999999,['EDA complete'],True
2025-12-26T19:55:39.248062,ğŸ” Filtering,eda,0.5249999999999999,['EDA complete'],True
2025-12-26T19:56:05.270531,describe the data,statistics,0.6649999999999999,['Statistics complete!'],True
2025-12-26T19:57:14.398155,describe the dataset,statistics,0.6649999999999999,['Statistics complete!'],True
2025-12-26T19:58:10.502790,income vs age graph,visualization,0.595,['Visualization complete'],True
2025-12-26T19:58:59.007433,income vs age graph,visualization,0.595,['Visualization complete'],True
2025-12-26T19:59:27.172689,ğŸ“ˆ Clustering,clustering,0.63,['Found 5 clusters'],True
2025-12-26T20:00:09.638601,age and income,eda,0.5249999999999999,['EDA complete'],True
2025-12-26T20:00:20.829350,age income,eda,0.5249999999999999,['EDA complete'],True
2025-12-26T20:00:32.732153,age vs income,eda,0.5249999999999999,['EDA complete'],True
2025-12-26T20:00:54.713523,age vs income,eda,0.5249999999999999,['EDA complete'],True
2025-12-26T20:02:03.389424,age vs income graph,visualization,0.595,['Visualization complete'],True
2025-12-26T20:02:13.726115,mean of age,eda,0.5249999999999999,['EDA complete'],True
2025-12-26T20:02:18.142579,mean of age,eda,0.5249999999999999,['EDA complete'],True
2025-12-26T20:26:27.305458,ğŸ” customer_id < 500,ğŸ” Filter Data,1.0,['Filtered 500 rows (customer_id > 500.0)'],True
2025-12-26T20:26:40.496771,ğŸ” income < 22628,ğŸ” Filter Data,1.0,['Filtered 500 rows (income > 22628.0)'],True
2025-12-26T20:27:22.010432,ğŸ“ˆ Cluster using customer_id and age,ğŸ“ˆ Clustering,1.0,['Clustering complete'],True
2025-12-26T20:27:43.814081,ğŸ“Š Plot customer_id vs age,ğŸ“Š Visualize,1.0,['Scatter plot'],True
2025-12-26T20:29:08.731935,ğŸ“Š Summary of all numeric columns,ğŸ“Š Statistics,1.0,['Statistics complete'],True
2025-12-26T20:29:25.241486,ğŸ” customer_id > 26,ğŸ” Filter Data,1.0,['Filtered 24 rows (customer_id > 26.0)'],True
2025-12-26T20:44:36.924893,,,1.0,"['âœ… Filtered 500 / 1,000 rows (customer_id > 500.0)']",True
2025-12-26T20:44:47.044182,Analysis completed,,1.0,"['âœ… Filtered 500 / 1,000 rows (customer_id > 500.0)']",True
2025-12-26T20:44:51.876947,Analysis completed,,1.0,"['âœ… Filtered 500 / 1,000 rows (customer_id > 500.0)']",True
2025-12-26T20:45:09.291016,Analysis completed,,1.0,"['âœ… Filtered 500 / 1,000 rows (customer_id > 500.0)']",True
2025-12-26T20:58:11.981719,,,1.0,"['âœ… Filtered 500 / 1,000 rows (customer_id > 500.5)']",True
2025-12-26T21:00:37.601095,Analysis completed,,1.0,"['âœ… Filtered 500 / 1,000 rows (customer_id > 500.5)']",True
2025-12-26T21:03:22.992484,,,1.0,"['ğŸ“Š Analyzed 1000 rows, 9 columns']",True
2025-12-26T21:03:56.659681,Analysis completed,,1.0,"['âœ… Filtered 800 / 1,000 rows (churn < 1.0)']",True
2025-12-26T21:04:13.294367,Analysis completed,,1.0,"['âœ… Filtered 200 / 1,000 rows (churn >= 1.0)']",True
2025-12-26T21:05:00.981960,Analysis completed,,1.0,['âœ… Created 3 customer segments'],True
2025-12-26T21:05:24.718897,Analysis completed,,1.0,['âœ… Created 3 customer segments'],True
2025-12-26T21:08:28.395902,,,1.0,['âœ… Created 3 customer segments'],True
